{"cameraMode":{"drawMode":0,"name":"Shaded","section":"Shading Mode"},"sceneLighting":true,"audioPlay":false,"sceneViewState":{"showFog":true,"showMaterialUpdate":false,"showSkybox":true,"showFlares":true,"showImageEffects":true,"showParticleSystems":true},"in2DMode":false,"pivot":{"x":-199.5546875,"y":408.19854736328127,"z":64.70013427734375},"rotation":{"x":-0.09556948393583298,"y":-0.07666131108999253,"z":0.007371139712631702,"w":-0.9924390316009522},"size":1243.3082275390625,"orthographic":true}