{"cameraMode":{"drawMode":0,"name":"Shaded","section":"Shading Mode"},"sceneLighting":true,"audioPlay":false,"sceneViewState":{"showFog":true,"showMaterialUpdate":false,"showSkybox":true,"showFlares":true,"showImageEffects":true,"showParticleSystems":true},"in2DMode":false,"pivot":{"x":149.4454345703125,"y":-21.40625,"z":94.109375},"rotation":{"x":-0.31266671419143679,"y":0.0022778210695832969,"z":-0.0007498644990846515,"w":-0.9498599171638489},"size":142.99945068359376,"orthographic":true}