{"cameraMode":{"drawMode":0,"name":"Shaded","section":"Shading Mode"},"sceneLighting":true,"audioPlay":false,"sceneViewState":{"showFog":true,"showMaterialUpdate":false,"showSkybox":true,"showFlares":true,"showImageEffects":true,"showParticleSystems":true},"in2DMode":false,"pivot":{"x":289.61138916015627,"y":344.0611572265625,"z":-972.4707641601563},"rotation":{"x":-0.09413472563028336,"y":-0.06863801926374436,"z":-0.006506658624857664,"w":0.9931693077087402},"size":1578.808837890625,"orthographic":true}