{"cameraMode":{"drawMode":0,"name":"Shaded","section":"Shading Mode"},"sceneLighting":true,"audioPlay":false,"sceneViewState":{"showFog":true,"showMaterialUpdate":false,"showSkybox":true,"showFlares":true,"showImageEffects":true,"showParticleSystems":true},"in2DMode":false,"pivot":{"x":196.15048217773438,"y":23.091381072998048,"z":124.4647216796875},"rotation":{"x":0.07111193239688873,"y":-0.6253092885017395,"z":0.05737602710723877,"w":0.775009274482727},"size":191.95269775390626,"orthographic":true}