{"cameraMode":{"drawMode":0,"name":"Shaded","section":"Shading Mode"},"sceneLighting":true,"audioPlay":false,"sceneViewState":{"showFog":true,"showMaterialUpdate":false,"showSkybox":true,"showFlares":true,"showImageEffects":true,"showParticleSystems":true},"in2DMode":false,"pivot":{"x":37.094940185546878,"y":2.5630524158477785,"z":42.90501403808594},"rotation":{"x":0.1663004606962204,"y":-0.10274190455675125,"z":0.017424412071704866,"w":0.9805532693862915},"size":30.79364585876465,"orthographic":true}