{"cameraMode":{"drawMode":0,"name":"Shaded","section":"Shading Mode"},"sceneLighting":true,"audioPlay":false,"sceneViewState":{"showFog":true,"showMaterialUpdate":false,"showSkybox":true,"showFlares":true,"showImageEffects":true,"showParticleSystems":true},"in2DMode":false,"pivot":{"x":17.95720672607422,"y":-45.54044723510742,"z":39.64813995361328},"rotation":{"x":0.07176022976636887,"y":-0.21169784665107728,"z":0.015590404160320759,"w":0.9745724201202393},"size":277.9796142578125,"orthographic":true}