{"cameraMode":{"drawMode":0,"name":"Shaded","section":"Shading Mode"},"sceneLighting":true,"audioPlay":false,"sceneViewState":{"showFog":true,"showMaterialUpdate":false,"showSkybox":true,"showFlares":true,"showImageEffects":true,"showParticleSystems":true},"in2DMode":false,"pivot":{"x":96.45059967041016,"y":191.7892608642578,"z":165.6236572265625},"rotation":{"x":0.1413698047399521,"y":-0.2013445645570755,"z":0.02938133478164673,"w":0.968819797039032},"size":654.1842041015625,"orthographic":true}