{"cameraMode":{"drawMode":0,"name":"Shaded","section":"Shading Mode"},"sceneLighting":true,"audioPlay":false,"sceneViewState":{"showFog":true,"showMaterialUpdate":false,"showSkybox":true,"showFlares":true,"showImageEffects":true,"showParticleSystems":true},"in2DMode":false,"pivot":{"x":292.0899963378906,"y":185.17210388183595,"z":140.5186309814453},"rotation":{"x":-0.1433318704366684,"y":0.04838256537914276,"z":-0.007028106600046158,"w":-0.9884663820266724},"size":560.3352661132813,"orthographic":true}