{"cameraMode":{"drawMode":0,"name":"Shaded","section":"Shading Mode"},"sceneLighting":true,"audioPlay":false,"sceneViewState":{"showFog":true,"showMaterialUpdate":false,"showSkybox":true,"showFlares":true,"showImageEffects":true,"showParticleSystems":true},"in2DMode":false,"pivot":{"x":-122.17681884765625,"y":10.875524520874024,"z":2.145883083343506},"rotation":{"x":0.1663004606962204,"y":-0.10274190455675125,"z":0.017424412071704866,"w":0.9805532693862915},"size":272.1454772949219,"orthographic":true}