{"cameraMode":{"drawMode":0,"name":"Shaded","section":"Shading Mode"},"sceneLighting":true,"audioPlay":false,"sceneViewState":{"showFog":true,"showMaterialUpdate":false,"showSkybox":true,"showFlares":true,"showImageEffects":true,"showParticleSystems":true},"in2DMode":false,"pivot":{"x":-44.60578536987305,"y":0.020539700984954835,"z":22.65219497680664},"rotation":{"x":0.1663004606962204,"y":-0.10274190455675125,"z":0.017424412071704866,"w":0.9805532693862915},"size":294.1927795410156,"orthographic":true}